{
  "ForgeCost": 1,
  "FreeForgeUpgrades": 3,
  "ForgeGemSkipCostPerSecond": 0.002300000051036477,
  "TechTreeGemSkipCostPerSecond": 0.002300000051036477,
  "PetGemSkipCostPerSecond": 0.0009999999310821295
}