{
  "0": {
    "Level": 0,
    "Age0": 1.0,
    "Age1": 0.0,
    "Age2": 0.0,
    "Age3": 0.0,
    "Age4": 0.0,
    "Age5": 0.0,
    "Age6": 0.0,
    "Age7": 0.0,
    "Age8": 0.0,
    "Age9": 0.0
  },
  "1": {
    "Level": 1,
    "Age0": 0.9899999999906868,
    "Age1": 0.010000000009313226,
    "Age2": 0.0,
    "Age3": 0.0,
    "Age4": 0.0,
    "Age5": 0.0,
    "Age6": 0.0,
    "Age7": 0.0,
    "Age8": 0.0,
    "Age9": 0.0
  },
  "2": {
    "Level": 2,
    "Age0": 0.9799999999813735,
    "Age1": 0.02000000001862645,
    "Age2": 0.0,
    "Age3": 0.0,
    "Age4": 0.0,
    "Age5": 0.0,
    "Age6": 0.0,
    "Age7": 0.0,
    "Age8": 0.0,
    "Age9": 0.0
  },
  "3": {
    "Level": 3,
    "Age0": 0.9599999999627471,
    "Age1": 0.0400000000372529,
    "Age2": 0.0,
    "Age3": 0.0,
    "Age4": 0.0,
    "Age5": 0.0,
    "Age6": 0.0,
    "Age7": 0.0,
    "Age8": 0.0,
    "Age9": 0.0
  },
  "4": {
    "Level": 4,
    "Age0": 0.9150000000372529,
    "Age1": 0.0800000000745058,
    "Age2": 0.004999999888241291,
    "Age3": 0.0,
    "Age4": 0.0,
    "Age5": 0.0,
    "Age6": 0.0,
    "Age7": 0.0,
    "Age8": 0.0,
    "Age9": 0.0
  },
  "5": {
    "Level": 5,
    "Age0": 0.8200000000651926,
    "Age1": 0.15999999991618097,
    "Age2": 0.02000000001862645,
    "Age3": 0.0,
    "Age4": 0.0,
    "Age5": 0.0,
    "Age6": 0.0,
    "Age7": 0.0,
    "Age8": 0.0,
    "Age9": 0.0
  },
  "6": {
    "Level": 6,
    "Age0": 0.6399999998975545,
    "Age1": 0.3200000000651926,
    "Age2": 0.0400000000372529,
    "Age3": 0.0,
    "Age4": 0.0,
    "Age5": 0.0,
    "Age6": 0.0,
    "Age7": 0.0,
    "Age8": 0.0,
    "Age9": 0.0
  },
  "7": {
    "Level": 7,
    "Age0": 0.2779999999329448,
    "Age1": 0.6399999998975545,
    "Age2": 0.0800000000745058,
    "Age3": 0.0020000000949949026,
    "Age4": 0.0,
    "Age5": 0.0,
    "Age6": 0.0,
    "Age7": 0.0,
    "Age8": 0.0,
    "Age9": 0.0
  },
  "8": {
    "Level": 8,
    "Age0": 0.1299999998882413,
    "Age1": 0.6999999999534339,
    "Age2": 0.15999999991618097,
    "Age3": 0.010000000009313226,
    "Age4": 0.0,
    "Age5": 0.0,
    "Age6": 0.0,
    "Age7": 0.0,
    "Age8": 0.0,
    "Age9": 0.0
  },
  "9": {
    "Level": 9,
    "Age0": 0.060000000055879354,
    "Age1": 0.6000000000931323,
    "Age2": 0.3200000000651926,
    "Age3": 0.02000000001862645,
    "Age4": 0.0,
    "Age5": 0.0,
    "Age6": 0.0,
    "Age7": 0.0,
    "Age8": 0.0,
    "Age9": 0.0
  },
  "10": {
    "Level": 10,
    "Age0": 0.0,
    "Age1": 0.3189999999012798,
    "Age2": 0.6399999998975545,
    "Age3": 0.0400000000372529,
    "Age4": 0.0009999999310821295,
    "Age5": 0.0,
    "Age6": 0.0,
    "Age7": 0.0,
    "Age8": 0.0,
    "Age9": 0.0
  },
  "11": {
    "Level": 11,
    "Age0": 0.0,
    "Age1": 0.27499999990686774,
    "Age2": 0.6399999998975545,
    "Age3": 0.0800000000745058,
    "Age4": 0.004999999888241291,
    "Age5": 0.0,
    "Age6": 0.0,
    "Age7": 0.0,
    "Age8": 0.0,
    "Age9": 0.0
  },
  "12": {
    "Level": 12,
    "Age0": 0.0,
    "Age1": 0.0800000000745058,
    "Age2": 0.75,
    "Age3": 0.15999999991618097,
    "Age4": 0.010000000009313226,
    "Age5": 0.0,
    "Age6": 0.0,
    "Age7": 0.0,
    "Age8": 0.0,
    "Age9": 0.0
  },
  "13": {
    "Level": 13,
    "Age0": 0.0,
    "Age1": 0.0,
    "Age2": 0.6595000000670552,
    "Age3": 0.3200000000651926,
    "Age4": 0.02000000001862645,
    "Age5": 0.0005000000819563866,
    "Age6": 0.0,
    "Age7": 0.0,
    "Age8": 0.0,
    "Age9": 0.0
  },
  "14": {
    "Level": 14,
    "Age0": 0.0,
    "Age1": 0.0,
    "Age2": 0.3174999998882413,
    "Age3": 0.6399999998975545,
    "Age4": 0.0400000000372529,
    "Age5": 0.0024999999441206455,
    "Age6": 0.0,
    "Age7": 0.0,
    "Age8": 0.0,
    "Age9": 0.0
  },
  "15": {
    "Level": 15,
    "Age0": 0.0,
    "Age1": 0.0,
    "Age2": 0.21500000008381903,
    "Age3": 0.6999999999534339,
    "Age4": 0.0800000000745058,
    "Age5": 0.004999999888241291,
    "Age6": 0.0,
    "Age7": 0.0,
    "Age8": 0.0,
    "Age9": 0.0
  },
  "16": {
    "Level": 16,
    "Age0": 0.0,
    "Age1": 0.0,
    "Age2": 0.0,
    "Age3": 0.8294999999925494,
    "Age4": 0.15999999991618097,
    "Age5": 0.010000000009313226,
    "Age6": 0.0005000000819563866,
    "Age7": 0.0,
    "Age8": 0.0,
    "Age9": 0.0
  },
  "17": {
    "Level": 17,
    "Age0": 0.0,
    "Age1": 0.0,
    "Age2": 0.0,
    "Age3": 0.6574999999720603,
    "Age4": 0.3200000000651926,
    "Age5": 0.02000000001862645,
    "Age6": 0.0024999999441206455,
    "Age7": 0.0,
    "Age8": 0.0,
    "Age9": 0.0
  },
  "18": {
    "Level": 18,
    "Age0": 0.0,
    "Age1": 0.0,
    "Age2": 0.0,
    "Age3": 0.31499999994412065,
    "Age4": 0.6399999998975545,
    "Age5": 0.0400000000372529,
    "Age6": 0.004999999888241291,
    "Age7": 0.0,
    "Age8": 0.0,
    "Age9": 0.0
  },
  "19": {
    "Level": 19,
    "Age0": 0.0,
    "Age1": 0.0,
    "Age2": 0.0,
    "Age3": 0.0,
    "Age4": 0.9095000000670552,
    "Age5": 0.0800000000745058,
    "Age6": 0.010000000009313226,
    "Age7": 0.0005000000819563866,
    "Age8": 0.0,
    "Age9": 0.0
  },
  "20": {
    "Level": 20,
    "Age0": 0.0,
    "Age1": 0.0,
    "Age2": 0.0,
    "Age3": 0.0,
    "Age4": 0.8174999998882413,
    "Age5": 0.15999999991618097,
    "Age6": 0.02000000001862645,
    "Age7": 0.0024999999441206455,
    "Age8": 0.0,
    "Age9": 0.0
  },
  "21": {
    "Level": 21,
    "Age0": 0.0,
    "Age1": 0.0,
    "Age2": 0.0,
    "Age3": 0.0,
    "Age4": 0.6350000000093132,
    "Age5": 0.3200000000651926,
    "Age6": 0.0400000000372529,
    "Age7": 0.004999999888241291,
    "Age8": 0.0,
    "Age9": 0.0
  },
  "22": {
    "Level": 22,
    "Age0": 0.0,
    "Age1": 0.0,
    "Age2": 0.0,
    "Age3": 0.0,
    "Age4": 0.27000000001862645,
    "Age5": 0.6399999998975545,
    "Age6": 0.0800000000745058,
    "Age7": 0.010000000009313226,
    "Age8": 0.0,
    "Age9": 0.0
  },
  "23": {
    "Level": 23,
    "Age0": 0.0,
    "Age1": 0.0,
    "Age2": 0.0,
    "Age3": 0.0,
    "Age4": 0.0,
    "Age5": 0.8199000000022352,
    "Age6": 0.1599000000860542,
    "Age7": 0.02000000001862645,
    "Age8": 0.00019999989308416843,
    "Age9": 0.0
  },
  "24": {
    "Level": 24,
    "Age0": 0.0,
    "Age1": 0.0,
    "Age2": 0.0,
    "Age3": 0.0,
    "Age4": 0.0,
    "Age5": 0.6395000000484288,
    "Age6": 0.3200000000651926,
    "Age7": 0.0400000000372529,
    "Age8": 0.0005000000819563866,
    "Age9": 0.0
  },
  "25": {
    "Level": 25,
    "Age0": 0.0,
    "Age1": 0.0,
    "Age2": 0.0,
    "Age3": 0.0,
    "Age4": 0.0,
    "Age5": 0.4375,
    "Age6": 0.5,
    "Age7": 0.060000000055879354,
    "Age8": 0.0024999999441206455,
    "Age9": 0.0
  },
  "26": {
    "Level": 26,
    "Age0": 0.0,
    "Age1": 0.0,
    "Age2": 0.0,
    "Age3": 0.0,
    "Age4": 0.0,
    "Age5": 0.31499999994412065,
    "Age6": 0.6000000000931323,
    "Age7": 0.0800000000745058,
    "Age8": 0.004999999888241291,
    "Age9": 0.0
  },
  "27": {
    "Level": 27,
    "Age0": 0.0,
    "Age1": 0.0,
    "Age2": 0.0,
    "Age3": 0.0,
    "Age4": 0.0,
    "Age5": 0.2099999999627471,
    "Age6": 0.6499999999068677,
    "Age7": 0.1299999998882413,
    "Age8": 0.010000000009313226,
    "Age9": 0.0
  },
  "28": {
    "Level": 28,
    "Age0": 0.0,
    "Age1": 0.0,
    "Age2": 0.0,
    "Age3": 0.0,
    "Age4": 0.0,
    "Age5": 0.06990000000223517,
    "Age6": 0.6799000001046807,
    "Age7": 0.22999999998137355,
    "Age8": 0.02000000001862645,
    "Age9": 0.00019999989308416843
  },
  "29": {
    "Level": 29,
    "Age0": 0.0,
    "Age1": 0.0,
    "Age2": 0.0,
    "Age3": 0.0,
    "Age4": 0.0,
    "Age5": 0.0,
    "Age6": 0.5995000000111759,
    "Age7": 0.3600000001024455,
    "Age8": 0.0400000000372529,
    "Age9": 0.0005000000819563866
  },
  "30": {
    "Level": 30,
    "Age0": 0.0,
    "Age1": 0.0,
    "Age2": 0.0,
    "Age3": 0.0,
    "Age4": 0.0,
    "Age5": 0.0,
    "Age6": 0.5075000000651926,
    "Age7": 0.4299999999348074,
    "Age8": 0.060000000055879354,
    "Age9": 0.0024999999441206455
  },
  "31": {
    "Level": 31,
    "Age0": 0.0,