{
  "0": {
    "Id": 0,
    "Speed": 20.0,
    "CollisionRadius": 0.11000000010244548,
    "AffectedByGravity": 0
  },
  "1": {
    "Id": 1,
    "Speed": 15.0,
    "CollisionRadius": 0.30000000004656613,
    "AffectedByGravity": 0
  },
  "2": {
    "Id": 2,
    "Speed": 20.0,
    "CollisionRadius": 0.1699999999254942,
    "AffectedByGravity": 0
  },
  "3": {
    "Id": 3,
    "Speed": 20.0,
    "CollisionRadius": 0.1699999999254942,
    "AffectedByGravity": 0
  },
  "4": {
    "Id": 4,
    "Speed": 15.0,
    "CollisionRadius": 0.30000000004656613,
    "AffectedByGravity": 0
  },
  "5": {
    "Id": 5,
    "Speed": 25.0,
    "CollisionRadius": 0.1699999999254942,
    "AffectedByGravity": 0
  },
  "6": {
    "Id": 6,
    "Speed": 25.0,
    "CollisionRadius": 0.19999999995343387,
    "AffectedByGravity": 0
  },
  "7": {
    "Id": 7,
    "Speed": 25.0,
    "CollisionRadius": 0.39999999990686774,
    "AffectedByGravity": 0
  },
  "8": {
    "Id": 8,
    "Speed": 25.0,
    "CollisionRadius": 0.39999999990686774,
    "AffectedByGravity": 0
  },
  "9": {
    "Id": 9,
    "Speed": 25.0,
    "CollisionRadius": 0.39999999990686774,
    "AffectedByGravity": 0
  },
  "10": {
    "Id": 10,
    "Speed": 25.0,
    "CollisionRadius": 0.1699999999254942,
    "AffectedByGravity": 0
  },
  "11": {
    "Id": 11,
    "Speed": 20.0,
    "CollisionRadius": 0.1699999999254942,
    "AffectedByGravity": 0
  },
  "12": {
    "Id": 12,
    "Speed": 30.0,
    "CollisionRadius": 0.19999999995343387,
    "AffectedByGravity": 0
  },
  "13": {
    "Id": 13,
    "Speed": 30.0,
    "CollisionRadius": 0.19999999995343387,
    "AffectedByGravity": 0
  },
  "14": {
    "Id": 14,
    "Speed": 30.0,
    "CollisionRadius": 0.19999999995343387,
    "AffectedByGravity": 0
  },
  "15": {
    "Id": 15,
    "Speed": 30.0,
    "CollisionRadius": 0.19999999995343387,
    "AffectedByGravity": 0
  }
}